invoice_no,expected_status,expected_transaction_id
INV001,MATCH,TXN001
INV002,MATCH,TXN002
INV003,MATCH,TXN003
INV004,MATCH,TXN004
INV005,MATCH,TXN005
INV006,MATCH,TXN006
INV007,MATCH,TXN007
INV008,MATCH,TXN008
INV009,MATCH,TXN009
INV010,MATCH,TXN010
INV011,MATCH,TXN011
INV012,MATCH,TXN012
INV013,MATCH,TXN013
INV014,MATCH,TXN014
INV015,MATCH,TXN015
INV016,MATCH,TXN016
INV017,MATCH,TXN017
INV018,MATCH,TXN018
INV019,MATCH,TXN019
INV020,MATCH,TXN020
INV021,MATCH,TXN021
INV022,MATCH,TXN022
INV023,MATCH,TXN023
INV024,MATCH,TXN024
INV025,MATCH,TXN025
INV026,MATCH,TXN026
INV027,MATCH,TXN027
INV028,MATCH,TXN028
INV029,MATCH,TXN029
INV030,MATCH,TXN030
INV031,MATCH,TXN031
INV032,MATCH,TXN032
INV033,MATCH,TXN033
INV034,MATCH,TXN034
INV035,MATCH,TXN035
INV036,MATCH,TXN036
INV037,MATCH,TXN037
INV038,MATCH,TXN038
INV039,MATCH,TXN039
INV040,MATCH,TXN040
INV041,EXCEPTION,TXN041
INV042,EXCEPTION,TXN042
INV043,EXCEPTION,TXN043
INV044,EXCEPTION,TXN044
INV045,EXCEPTION,TXN045
INV046,EXCEPTION,TXN046
INV047,EXCEPTION,TXN047
INV048,EXCEPTION,TXN048
INV049,EXCEPTION,TXN049
INV050,EXCEPTION,TXN050
INV051,UNMATCH,
INV052,UNMATCH,
INV053,UNMATCH,
INV054,UNMATCH,
INV055,UNMATCH,
INV056,UNMATCH,
INV057,UNMATCH,
INV058,UNMATCH,
INV059,UNMATCH,
INV060,UNMATCH,
