transaction_id,customer,payment_amount,payment_date
TXN001,Customer A,1341.66,2026-01-04
TXN002,Customer B,1503.32,2026-01-06
TXN003,Customer C,1664.98,2026-01-08
TXN004,Customer D,1826.6399999999999,2026-01-10
TXN005,Customer E,1988.3,2026-01-12
TXN006,Customer F,2149.96,2026-01-14
TXN007,Customer G,2311.62,2026-01-16
TXN008,Customer H,2473.2799999999997,2026-01-18
TXN009,Customer I,2634.94,2026-01-20
TXN010,Customer J,2796.6,2026-01-12
TXN011,Customer K,2958.26,2026-01-14
TXN012,Customer L,3119.92,2026-01-16
TXN013,Customer M,3281.58,2026-01-18
TXN014,Customer N,3443.24,2026-01-20
TXN015,Customer O,3604.9,2026-01-22
TXN016,Customer P,3766.56,2026-01-24
TXN017,Customer Q,3928.2200000000003,2026-01-26
TXN018,Customer R,4089.88,2026-01-28
TXN019,Customer S,4251.54,2026-01-30
TXN020,Customer T,4413.2,2026-01-22
TXN021,Customer A,4574.86,2026-01-24
TXN022,Customer B,4736.52,2026-01-26
TXN023,Customer C,4898.18,2026-01-28
TXN024,Customer D,5059.84,2026-01-30
TXN025,Customer E,5221.5,2026-02-01
TXN026,Customer F,5383.16,2026-02-03
TXN027,Customer G,5544.82,2026-02-05
TXN028,Customer H,5706.48,2026-02-07
TXN029,Customer I,5868.14,2026-02-09
TXN030,Customer J,6029.8,2026-02-01
TXN031,Customer K,6191.46,2026-02-03
TXN032,Customer L,6353.12,2026-02-05
TXN033,Customer M,6514.78,2026-02-07
TXN034,Customer N,6676.4400000000005,2026-02-09
TXN035,Customer O,6838.1,2026-02-11
TXN036,Customer P,6999.76,2026-02-13
TXN037,Customer Q,7161.42,2026-02-15
TXN038,Customer R,7323.08,2026-02-17
TXN039,Customer S,7484.74,2026-02-19
TXN040,Customer T,7646.4,2026-02-11
TXN041,Customer A,7658.06,2026-02-16
TXN042,Customer B,7769.72,2026-02-17
TXN043,Customer C,7881.38,2026-02-18
TXN044,Customer D,7993.04,2026-02-19
TXN045,Customer E,8104.7,2026-02-20
TXN046,Customer F,8216.36,2026-02-21
TXN047,Customer G,8328.02,2026-02-22
TXN048,Customer H,8439.68,2026-02-23
TXN049,Customer I,8551.34,2026-02-24
TXN050,Customer J,8663.0,2026-02-25
TXN061,Unmatched Customer 61,1295.56,2026-04-15
TXN062,Unmatched Customer 62,1296.56,2026-04-15
TXN063,Unmatched Customer 63,1297.56,2026-04-15
TXN064,Unmatched Customer 64,1298.56,2026-04-15
TXN065,Unmatched Customer 65,1299.56,2026-04-15
TXN066,Unmatched Customer 66,1300.56,2026-04-15
TXN067,Unmatched Customer 67,1301.56,2026-04-15
TXN068,Unmatched Customer 68,1302.56,2026-04-15
TXN069,Unmatched Customer 69,1303.56,2026-04-15
TXN070,Unmatched Customer 70,1304.56,2026-04-15
